{
    "settings": {
        "bgm": 0.4750858545303345,
        "master": 0.49560338258743286,
        "sfx": 0.5131898522377014
    }
}