{
    "Entity": {
        "components": {
            "EntityDescriptor": {
                "children": [],
                "isActive": true,
                "name": "TurnNumber",
                "parent": null,
                "sceneID": 18446744073709551615
            },
            "TextComponent": {
                "Color": {
                    "w": 1.0,
                    "x": 0.29019609093666077,
                    "y": 0.25882354378700256,
                    "z": 0.22745098173618317
                },
                "Font": "../Assets/Fonts/Kalam/Kalam-Bold.ttf",
                "Size": 1.2999999523162842,
                "Text": "Turn No"
            },
            "Transform": {
                "height": 29.899999618530273,
                "orientation": 0.0,
                "position": {
                    "x": 482.0,
                    "y": 455.0
                },
                "relativeposition": {
                    "x": 0.0,
                    "y": 0.0
                },
                "relorientation": 0.0,
                "width": 200.1999969482422
            }
        },
        "name": ""
    }
}