{
    "Entity": {
        "components": {
            "EntityDescriptor": {
                "Prefab Type": "RatDetectionTelegraph",
                "children": [],
                "isActive": true,
                "name": "RatDetectionTelegraph",
                "parent": null,
                "sceneID": 18446744073709551615
            },
            "Renderer": {
                "Color": {
                    "a": 0.49803921580314636,
                    "b": 0.4431372582912445,
                    "g": 0.46666666865348816,
                    "r": 0.8078431487083435
                },
                "TextureKey": "../Assets/Textures/Telegraphs/Telegraph_Detection_512px.png"
            },
            "Transform": {
                "height": 128.0,
                "orientation": 0.0,
                "position": {
                    "x": -144.09999084472656,
                    "y": 218.89999389648438
                },
                "relativeposition": {
                    "x": 0.0,
                    "y": 0.0
                },
                "relorientation": 0.0,
                "width": 128.0
            }
        },
        "name": ""
    }
}